discovery_root	candidate	git_top	role	remote	branch	head	status	upstream	last_commit	error
/home/jerry/workspace	/home/jerry/workspace/AllTrue_System-clean	/home/jerry/workspace/AllTrue_System-clean	canonical-checkout	https://github.com/jerry200176-png/AllTrue_System.git	main	1fac114356779de57a816e1fd281e078448c644e	dirty	382	0 	2026-08-08T15:25:15+08:00	
/home/jerry/workspace	/home/jerry/workspace/AllTrue_System	/home/jerry/workspace/AllTrue_System	workspace-checkout	https://github.com/jerry200176-png/AllTrue_System.git	chore/task-receipt-image-copy-20260825	71bc06990f8c43b63d861b4bb37ebc73a82a71ee	dirty	19	2 	2026-08-25T17:51:51+08:00	
/home/jerry/workspace	/home/jerry/workspace/engineering-intelligence	/home/jerry/workspace/engineering-intelligence	workspace-checkout	https://github.com/jerry200176-png/engineering-intelligence.git	codex/persist-task-evidence-contract	c30ab43a13d9574c1c254ce71c27b369eb90ca2b	clean	0	0 	2026-08-09T11:15:36+08:00	
/home/jerry/workspace	/home/jerry/workspace/income-statement-app-releases	/home/jerry/workspace/income-statement-app-releases	workspace-checkout	https://github.com/jerry200176-png/income-statement-app-releases.git	main	0946db23df820b4ed8ea4397a74a93cb3c49586e	clean	0	0 	2026-05-31T22:35:22+08:00	
/home/jerry/workspace	/home/jerry/workspace/income-statement-app	/home/jerry/workspace/income-statement-app	workspace-checkout	https://github.com/jerry200176-png/income-statement-app.git	main	0f70d64d810d5a71c7f3948c1f1d09a7e1908394	clean	0	0 	2026-05-31T22:37:42+08:00	
/home/jerry/workspace	/home/jerry/workspace/korea-trip-plan	/home/jerry/workspace/korea-trip-plan	workspace-checkout	https://github.com/jerry200176-png/korea-trip-plan.git	main	ee2594b0cc994f503639c5e36643a30de6ef6510	clean	0	0 	2026-07-24T09:02:27+00:00	
/home/jerry/workspace	/home/jerry/workspace/portfolio-ops	/home/jerry/workspace/portfolio-ops	control-plane	https://github.com/jerry200176-png/portfolio-ops.git	exo/TKT-20260827-144414-VL1N	fa24dc8e5724348d4773efce4d92fc7e88921573	dirty		2026-08-28T23:55:03+08:00	
/home/jerry/workspace	/home/jerry/workspace/sunrise-cafe	/home/jerry/workspace/sunrise-cafe	canonical-checkout	https://github.com/jerry200176-png/sunrise-cafe.git	chore/dependabot-major-policy	773ea48ccb4e6c8eb36c7ac0119881a560b8326d	dirty	45	0 	2026-07-19T11:56:26+08:00	
/home/jerry	/home/jerry/alltrue-ci867		unresolved				unreadable			git root could not be resolved
/home/jerry	/home/jerry/alltrue-dashboard-v2	/home/jerry/alltrue-dashboard-v2	legacy-checkout	https://github.com/jerry200176-png/AllTrue_System.git	main	bb01fe2242168074517f44e38d19a380af97a0e2	clean	2069	1284 	2026-07-10T19:45:10+08:00	
/home/jerry	/home/jerry/alltrue	/home/jerry/alltrue	legacy-checkout	https://github.com/jerry200176-png/AllTrue_System.git	agent/parent-leave-approval	855d4ed61aac0445429d7da0ab8633378489d27e	dirty	1735	1287 	2026-08-02T09:58:02+08:00	
